model,seed,runtime_sec,Recall@20,NDCG@20,MRR@20,Coverage@20,param_l2_norm,margin_mean,margin_std,margin_positive_rate,sharpness_drop_recall,sharpness_drop_ndcg,sharpness_drop_mrr
TopPop,fixed,4.04,0.018410654289246358,0.0074893353445771565,0.0044707917833350114,0.0061,,,,,,,
GRU4Rec,42,18987.59,0.20602489135628313,0.08982375373157181,0.057741884186089006,0.9823,3207.8222456767394,-3.2305588106700593,2.1772214957692433,0.02933001145214747,0.00033370495931075994,0.00016455432124261316,0.0001261372683447337
